6,mesa,24120 Artisan Lane,Quilmes,Lauritz
17,televisor,652 Sugar Street,Quilmes,Ferdie
19,silla,36 Meadow Ridge Parkway,Quilmes,Gus
22,televisor,4 Golf Course Alley,Quilmes,Merilyn
23,televisor,7 Jay Park,Lanus,Lolita
25,aire acondicionado,0 Rockefeller Circle,Lanus,Elmore
30,silla,4 Golf Course Park,Lanus,Lovell
31,mesa,178 Lien Place,Quilmes,Dwain
32,mesa,95 Tennessee Point,Quilmes,Pauli
36,secarropas,10866 Division Trail,Lanus,Teddie
40,plancha,6 Hoepker Street,Lanus,Emlynne
43,aire acondicionado,8180 Scoville Street,Quilmes,Laird
46,lavarropas,29 Crownhardt Trail,Quilmes,Ferdinande
47,aire acondicionado,22659 Northridge Place,Lanus,Jeth
49,secarropas,5514 Dayton Way,Quilmes,Catherina
50,plancha,3421 Judy Lane,Quilmes,Rubetta
52,aire acondicionado,02037 Heffernan Street,Quilmes,Corney
54,lavarropas,65 Continental Avenue,Lanus,Harlan
55,sillon,21 Eastlawn Street,Quilmes,Leta
60,cocina,1953 Pankratz Road,Quilmes,Minny
62,pava,94 Moulton Way,Quilmes,Boycey
64,lavarropas,10903 Packers Plaza,Quilmes,Linnell
66,cocina,1 Quincy Junction,Quilmes,Drona
69,mesa,511 Loomis Center,Quilmes,Odo
75,cocina,538 Clyde Gallagher Avenue,Quilmes,Taryn
76,plancha,01380 Summit Avenue,Lanus,Obediah
79,sillon,0 Hanover Park,Quilmes,Clementine
82,televisor,55 Shelley Point,Lanus,Samuel
90,silla,6261 La Follette Junction,Lanus,Thor
92,sillon,7 Rusk Park,Lanus,Frasco
94,lavarropas,468 Merrick Alley,Lanus,Zack
97,lavarropas,2 Shelley Avenue,Quilmes,Tomaso
103,silla,67709 Dwight Plaza,Quilmes,Nigel
104,secarropas,2 Green Ridge Street,Lanus,Karol
106,televisor,253 Sundown Court,Quilmes,Flora
112,televisor,5990 Old Gate Trail,Quilmes,Yancey
119,cocina,542 Warrior Alley,Lanus,Brianna
126,silla,01515 Riverside Point,Quilmes,Skippie
132,pava,95 Dahle Road,Lanus,Jorey
134,aire acondicionado,612 Moland Court,Lanus,Janean
135,plancha,641 Reindahl Plaza,Quilmes,Marcel
136,lavarropas,2 Mandrake Terrace,Lanus,Donnamarie
141,mesa,2 Summer Ridge Place,Quilmes,Ingeborg
145,silla,42697 Hauk Way,Lanus,Durand
146,mesa,0375 Sullivan Park,Quilmes,Merci
147,sillon,1293 Rusk Alley,Quilmes,Ilaire
152,mesa,60565 Corry Point,Quilmes,Karla
155,lavarropas,30417 Barby Hill,Lanus,Raye
156,mesa,4925 Esch Place,Quilmes,Pet
161,secarropas,9289 Ridgeview Drive,Quilmes,Danya
166,plancha,29 Clarendon Plaza,Quilmes,Merwin
167,secarropas,95 Hanover Court,Quilmes,Bond
170,aire acondicionado,58 Ryan Lane,Quilmes,Olivier
171,cocina,3 Express Terrace,Quilmes,Stanwood
172,sillon,16 Service Junction,Quilmes,Ara
176,sillon,14371 Mallory Road,Quilmes,Berta
177,cocina,64 Debra Crossing,Lanus,Star
178,secarropas,60 Hoepker Terrace,Quilmes,Elliott
182,cocina,6280 Veith Trail,Quilmes,Birch
187,silla,7 Red Cloud Street,Lanus,Hedy
188,aire acondicionado,8 Lindbergh Parkway,Lanus,Erhart
189,plancha,12 Northview Drive,Quilmes,Sibley
191,cocina,5136 Cottonwood Way,Lanus,Jase
192,cocina,7800 Cottonwood Circle,Lanus,Tyrus
196,aire acondicionado,8027 Anzinger Hill,Quilmes,Ailene
207,aire acondicionado,3650 Lakewood Lane,Quilmes,Daisey
208,mesa,23265 Sunbrook Road,Quilmes,Linnet
210,aire acondicionado,2 Kipling Crossing,Lanus,Ky
211,sillon,936 Charing Cross Park,Lanus,Scot
212,televisor,5514 Hanson Court,Lanus,Ruperta
216,televisor,89 Mallard Hill,Quilmes,Gabrielle
219,plancha,6422 Cody Court,Lanus,Opaline
223,secarropas,1 Warner Place,Quilmes,Ame
229,secarropas,078 Corscot Circle,Quilmes,Claus
231,pava,4 5th Circle,Quilmes,Meara
232,lavarropas,02 Maywood Lane,Lanus,Sly
235,secarropas,662 Luster Point,Quilmes,Maury
243,mesa,8689 Grim Circle,Lanus,Willa
244,televisor,25 Melrose Street,Lanus,Eamon
249,silla,39912 Birchwood Crossing,Quilmes,Flynn
250,aire acondicionado,7 Dennis Court,Quilmes,Elsa
256,sillon,395 Darwin Pass,Quilmes,Nicol
262,silla,502 Forest Dale Hill,Quilmes,Nari
264,pava,8845 Almo Avenue,Quilmes,Rudyard
267,aire acondicionado,953 School Place,Lanus,Shanda
281,aire acondicionado,9 Redwing Park,Lanus,Lisle
283,silla,60 Transport Point,Lanus,Wandis
289,sillon,3 Lindbergh Plaza,Lanus,Tremayne
290,pava,09942 Washington Court,Quilmes,Yardley
298,sillon,9 Boyd Court,Quilmes,Zelma
300,lavarropas,4 Randy Court,Quilmes,Gwenora
301,aire acondicionado,04 Myrtle Point,Lanus,Seana
305,cocina,5491 Grover Way,Lanus,Ilyssa
312,sillon,08808 Farragut Crossing,Quilmes,Cherey
315,silla,7 Mesta Way,Quilmes,Gilberte
318,televisor,8 Arizona Road,Lanus,Jourdain
324,silla,3 Buhler Court,Quilmes,Olivette
326,televisor,5 Moulton Way,Lanus,Frieda
327,sillon,3007 International Road,Lanus,Mireielle
328,lavarropas,4 Ridge Oak Place,Lanus,Mae
331,silla,9 Fairview Lane,Lanus,Gaylord
332,silla,3865 Knutson Terrace,Lanus,Issy
339,lavarropas,9093 Scofield Avenue,Quilmes,Spencer
340,mesa,49903 Redwing Drive,Lanus,Gussi
348,plancha,6 Gulseth Parkway,Lanus,Elsey
354,secarropas,12198 Lawn Plaza,Lanus,Holden
356,televisor,32285 Carey Avenue,Lanus,Steffen
361,pava,59653 Fisk Court,Quilmes,Berry
365,secarropas,99 Ilene Pass,Lanus,Brook
366,sillon,77425 Prairieview Center,Lanus,Milissent
377,lavarropas,5 Clyde Gallagher Center,Lanus,Carol-jean
380,secarropas,722 Maple Plaza,Quilmes,Lorry
381,pava,0540 Valley Edge Lane,Quilmes,Griffin
382,televisor,33502 Susan Plaza,Lanus,Jo ann
384,lavarropas,66912 Golf View Terrace,Quilmes,Brynna
386,secarropas,72603 Stone Corner Terrace,Lanus,Linda
387,lavarropas,1291 Corben Trail,Lanus,Kit
388,lavarropas,22 Porter Plaza,Quilmes,Rayshell
390,pava,25894 Garrison Hill,Lanus,Hunt
394,sillon,40 Tomscot Crossing,Quilmes,Angelle
403,pava,7629 Washington Street,Lanus,Willi
410,mesa,76 Doe Crossing Hill,Quilmes,Arden
414,plancha,11466 Merchant Drive,Lanus,Brit
415,secarropas,57990 Charing Cross Place,Lanus,Morly
425,secarropas,4 Main Crossing,Quilmes,D'arcy
427,silla,547 Jay Circle,Lanus,Hew
429,pava,5962 Crescent Oaks Way,Lanus,Garek
430,lavarropas,9 Novick Road,Lanus,Stepha
431,sillon,537 Loeprich Terrace,Lanus,Dena
433,pava,3 Arrowood Circle,Quilmes,Aline
436,silla,5780 Fulton Court,Quilmes,Rafferty
445,pava,25938 Ronald Regan Trail,Lanus,Pyotr
448,plancha,42 Dunning Parkway,Quilmes,Fenelia
450,aire acondicionado,4643 Norway Maple Hill,Lanus,Marty
454,mesa,9110 Crest Line Circle,Lanus,Bernardo
456,secarropas,02189 Thierer Way,Quilmes,Zack
457,aire acondicionado,74 Swallow Street,Lanus,Marylin
460,televisor,829 Jana Road,Quilmes,Marlo
463,cocina,596 Fuller Trail,Quilmes,Caddric
466,mesa,8184 Kim Trail,Lanus,Gusty
468,silla,24196 Coolidge Junction,Quilmes,Pansie
471,secarropas,67388 Cherokee Court,Lanus,Harley
478,televisor,733 Melvin Court,Lanus,Royal
480,cocina,44 6th Place,Quilmes,Ethelind
486,silla,8 Northland Pass,Lanus,Boone
487,silla,87456 Veith Alley,Lanus,Ashley
489,secarropas,66299 Glendale Trail,Quilmes,Pamella
501,silla,4917 Cody Way,Quilmes,Arther
502,silla,22717 Rigney Way,Quilmes,Ophelia
504,aire acondicionado,53 Autumn Leaf Terrace,Quilmes,Faydra
507,pava,35 Gale Place,Quilmes,Beltran
508,silla,03 Holmberg Point,Quilmes,Micky
516,secarropas,3 Hallows Trail,Lanus,Nickolas
519,aire acondicionado,617 Donald Hill,Lanus,Alika
524,silla,2042 Helena Pass,Quilmes,Holden
525,cocina,914 David Avenue,Lanus,Waiter
527,sillon,192 American Ash Court,Lanus,Knox
531,mesa,6944 Eliot Terrace,Lanus,Jacquelin
534,televisor,449 Fremont Court,Quilmes,Fayth
540,lavarropas,371 Kenwood Circle,Quilmes,Ysabel
544,cocina,8 Alpine Park,Quilmes,Alleen
545,cocina,387 Warrior Terrace,Quilmes,Sophia
546,pava,55174 Twin Pines Parkway,Quilmes,Tedman
548,secarropas,9 Walton Avenue,Lanus,Sharona
549,mesa,57009 Miller Pass,Lanus,Vernor
555,pava,9100 Boyd Parkway,Lanus,Ximenez
557,cocina,05 Fair Oaks Pass,Quilmes,Adel
558,lavarropas,5602 Fisk Parkway,Quilmes,Hilly
559,plancha,699 Pearson Pass,Lanus,Dierdre
560,lavarropas,69 Jana Road,Quilmes,Lyssa
564,cocina,628 Nevada Way,Quilmes,Troy
565,televisor,624 Katie Lane,Quilmes,Stormie
570,plancha,59 Ryan Center,Lanus,Fidelity
571,televisor,633 Monterey Parkway,Lanus,Dolores
572,televisor,6672 Veith Point,Quilmes,Joice
576,pava,6 Dexter Circle,Quilmes,Trenna
578,sillon,8 Bluejay Drive,Quilmes,Chicky
581,pava,97739 Lotheville Alley,Quilmes,Lindsy
585,lavarropas,7063 Transport Lane,Lanus,Der
587,silla,197 Clyde Gallagher Place,Lanus,Meg
589,cocina,61 Thierer Road,Lanus,Ami
597,pava,1 Reindahl Alley,Quilmes,Irena
601,sillon,57804 Monument Lane,Lanus,Maxi
604,pava,55269 Meadow Valley Drive,Quilmes,Pollyanna
605,mesa,41031 Twin Pines Avenue,Quilmes,Gun
606,plancha,16 Namekagon Park,Lanus,Irv
614,aire acondicionado,5 Sundown Circle,Lanus,Marrilee
619,lavarropas,57 Charing Cross Lane,Lanus,Anestassia
620,silla,7 Kim Way,Quilmes,Englebert
624,pava,022 Hanover Way,Lanus,Frasier
628,pava,4 Hollow Ridge Park,Lanus,Anabal
632,silla,53 Moland Alley,Lanus,Roderich
634,silla,1 Shoshone Lane,Lanus,Corinne
639,pava,8750 Fordem Hill,Lanus,Rufe
641,secarropas,02 Grasskamp Point,Lanus,Sophronia
642,plancha,78 Orin Drive,Quilmes,Betsey
643,sillon,916 Eggendart Pass,Lanus,Leola
644,mesa,6 Bonner Center,Lanus,Germana
651,secarropas,8 Havey Court,Quilmes,Betti
652,silla,1 Montana Court,Quilmes,Sayre
653,pava,2 Fairfield Pass,Lanus,Lucia
657,aire acondicionado,87554 Park Meadow Hill,Quilmes,Stephana
661,pava,306 Red Cloud Lane,Quilmes,Jolyn
665,mesa,33706 Rieder Street,Quilmes,Megan
666,televisor,943 Onsgard Crossing,Quilmes,Kathie
667,pava,8733 Lake View Plaza,Lanus,Mariska
672,cocina,524 Hanson Avenue,Quilmes,Cassaundra
673,silla,315 Northland Junction,Lanus,Earlie
674,silla,5 Straubel Parkway,Lanus,Alonso
677,pava,143 Tennyson Pass,Quilmes,Matti
678,silla,05218 Roth Trail,Quilmes,Ulrica
680,cocina,47682 Myrtle Crossing,Lanus,Gloriane
687,sillon,3353 Grasskamp Place,Quilmes,Dayle
691,pava,8 Lyons Plaza,Quilmes,Nollie
700,sillon,750 Moland Plaza,Lanus,Nessie
701,plancha,5 Valley Edge Place,Quilmes,Leone
710,secarropas,1 Goodland Street,Lanus,Claudian
713,secarropas,1 Ridgeview Road,Quilmes,Aldin
718,sillon,650 Jay Road,Lanus,Celisse
721,mesa,63508 2nd Trail,Quilmes,Larry
723,lavarropas,69397 Kennedy Pass,Quilmes,Jennie
731,pava,27450 Reinke Point,Quilmes,Almire
735,pava,7 Waxwing Plaza,Lanus,Erinn
740,cocina,8975 Hagan Terrace,Lanus,Berton
746,silla,5 Dovetail Alley,Quilmes,Jermaine
747,cocina,14385 Clyde Gallagher Hill,Lanus,Holly
750,sillon,1 Bonner Alley,Quilmes,Perceval
751,secarropas,82039 Amoth Drive,Quilmes,Orton
752,cocina,366 Talisman Circle,Quilmes,Gerardo
753,pava,8 Loomis Plaza,Lanus,Rori
754,cocina,1713 Summerview Terrace,Lanus,Maurita
755,sillon,4862 Burrows Circle,Lanus,Granthem
760,mesa,200 Southridge Drive,Quilmes,Ludwig
761,silla,1968 Rusk Drive,Quilmes,Valerye
763,sillon,14323 Farwell Terrace,Lanus,Talyah
767,aire acondicionado,59 Transport Way,Quilmes,Barbabra
773,pava,1897 Badeau Junction,Lanus,Brittani
774,cocina,55 6th Junction,Quilmes,Caro
777,secarropas,99647 Summerview Drive,Lanus,Sheilakathryn
783,sillon,685 Garrison Junction,Lanus,Andreana
784,lavarropas,9 Lindbergh Plaza,Quilmes,Milicent
785,silla,9062 Independence Plaza,Quilmes,Tatiania
786,pava,8040 Arizona Hill,Quilmes,Annmaria
793,silla,415 7th Place,Quilmes,Roseanne
794,lavarropas,724 Bayside Point,Quilmes,Marcile
795,cocina,839 Stuart Crossing,Lanus,Cicily
799,cocina,4 Tomscot Place,Quilmes,Freddy
800,pava,93518 Milwaukee Plaza,Lanus,Cosimo
801,aire acondicionado,5048 Thackeray Junction,Quilmes,Cyrus
802,cocina,31489 Springview Parkway,Lanus,Berenice
808,lavarropas,4 Sheridan Alley,Quilmes,Vincent
810,mesa,3 Union Parkway,Quilmes,Adrea
811,plancha,3690 Dahle Center,Quilmes,Carol-jean
814,mesa,14 Havey Terrace,Lanus,Pincus
815,aire acondicionado,578 Mesta Place,Quilmes,Fred
817,televisor,7316 Golden Leaf Plaza,Quilmes,Rozalin
818,secarropas,1 Lukken Terrace,Quilmes,Yardley
821,secarropas,93987 Blaine Lane,Lanus,Dolli
823,silla,5 Ruskin Junction,Quilmes,Gayler
833,mesa,47604 Charing Cross Court,Quilmes,Valery
834,secarropas,59690 East Drive,Lanus,Theadora
836,cocina,2179 Packers Center,Lanus,Caitrin
842,lavarropas,16771 Oneill Court,Lanus,Samaria
847,aire acondicionado,1095 Bowman Point,Lanus,Davey
849,televisor,90783 Fulton Parkway,Lanus,Falkner
854,mesa,17 Bartillon Avenue,Lanus,Nollie
857,cocina,9363 Anhalt Circle,Lanus,Adrian
859,mesa,5195 Farragut Center,Lanus,Alphonso
860,silla,3 Havey Drive,Quilmes,Darcey
864,secarropas,4 Armistice Trail,Quilmes,Lind
871,plancha,70 Stephen Lane,Lanus,Rudolf
876,secarropas,73 Ryan Avenue,Quilmes,Penny
878,silla,113 Talmadge Alley,Lanus,Lucias
880,secarropas,63545 Grasskamp Alley,Lanus,Kinny
881,plancha,087 Nobel Trail,Quilmes,Wendeline
885,secarropas,5 Portage Terrace,Lanus,Lucio
888,secarropas,2 Fordem Plaza,Quilmes,Leeanne
893,silla,71017 Northland Alley,Lanus,Shep
896,lavarropas,995 Reindahl Terrace,Quilmes,Querida
899,plancha,9314 Colorado Way,Lanus,Marlie
900,sillon,334 Stang Center,Lanus,Legra
902,lavarropas,1 Cambridge Point,Lanus,Burtie
904,silla,72 Vidon Lane,Lanus,Bathsheba
907,silla,6352 Redwing Center,Lanus,Franky
908,pava,3 Crest Line Point,Lanus,Merrill
910,plancha,906 Ryan Crossing,Lanus,Justin
911,aire acondicionado,13184 Anhalt Trail,Lanus,Maurise
914,aire acondicionado,3 Barby Point,Lanus,Maritsa
915,mesa,4 Meadow Vale Alley,Lanus,Misti
918,pava,349 Melvin Place,Quilmes,Abby
919,pava,44 Waubesa Plaza,Quilmes,Marys
920,silla,0454 Harbort Pass,Lanus,Harri
925,secarropas,1895 Kensington Park,Lanus,Di
932,cocina,17933 Merrick Trail,Quilmes,Stewart
934,cocina,72 Grasskamp Road,Quilmes,Kala
938,secarropas,20 John Wall Park,Quilmes,Yank
939,pava,22288 Mendota Trail,Lanus,Allx
940,silla,8 Nobel Terrace,Lanus,Violetta
942,mesa,29107 Westerfield Road,Quilmes,Raimondo
945,lavarropas,18379 Green Ridge Center,Quilmes,Pammie
946,aire acondicionado,55 Monument Center,Lanus,Niven
948,silla,08 Anhalt Trail,Quilmes,Amalle
953,sillon,700 Corben Junction,Quilmes,Daniella
958,cocina,5 Eliot Circle,Lanus,Ewan
959,sillon,08 Bluejay Pass,Quilmes,Nowell
961,sillon,487 Lakewood Gardens Place,Lanus,Arlina
962,secarropas,056 Lien Center,Quilmes,Boris
964,lavarropas,04223 Mayer Crossing,Lanus,Sander
966,pava,64 Columbus Circle,Lanus,Zenia
975,sillon,779 Mariners Cove Crossing,Quilmes,Luther
977,aire acondicionado,2 Schmedeman Alley,Lanus,Willi
983,aire acondicionado,5548 Meadow Valley Lane,Quilmes,Selby
984,aire acondicionado,1 Harper Hill,Quilmes,Sax
988,sillon,21534 Veith Lane,Quilmes,Alain
989,mesa,8937 Burrows Way,Quilmes,Moss
996,secarropas,09 Clemons Court,Lanus,Peri
